https://archiveofourown.org/works/26291614,,,,,,,,,,,,,,,,,
https://archiveofourown.org/works/31096598,,,,,,,,,,,,,,,,,
https://archiveofourown.org/works/32385079,,,,,,,,,,,,,,,,,
https://archiveofourown.org/works/28822503,,,,,,,,,,,,,,,,,
https://archiveofourown.org/works/30123291,,,,,,,,,,,,,,,,,
https://archiveofourown.org/works/26596159,,,,,,,,,,,,,,,,,
https://archiveofourown.org/works/31239671,,,,,,,,,,,,,,,,,
https://archiveofourown.org/works/20639129,,,,,,,,,,,,,,,,,
https://archiveofourown.org/works/24397477,,,,,,,,,,,,,,,,,
https://archiveofourown.org/works/26603368,,,,,,,,,,,,,,,,,
https://archiveofourown.org/works/9418142,,,,,,,,,,,,,,,,,
https://archiveofourown.org/works/9275294,,,,,,,,,,,,,,,,,
https://archiveofourown.org/works/24060943,,,,,,,,,,,,,,,,,
https://archiveofourown.org/works/13578237,,,,,,,,,,,,,,,,,
https://archiveofourown.org/works/9941087,,,,,,,,,,,,,,,,,
https://archiveofourown.org/works/15070646,,,,,,,,,,,,,,,,,
https://archiveofourown.org/works/19285756,,,,,,,,,,,,,,,,,
https://archiveofourown.org/works/16759738,,,,,,,,,,,,,,,,,
https://archiveofourown.org/works/16731828,,,,,,,,,,,,,,,,,
https://archiveofourown.org/works/9167908,,,,,,,,,,,,,,,,,
https://archiveofourown.org/works/26033014,,,,,,,,,,,,,,,,,
https://archiveofourown.org/works/4558008,,,,,,,,,,,,,,,,,
https://archiveofourown.org/works/10593369,,,,,,,,,,,,,,,,,
https://archiveofourown.org/works/17789183,,,,,,,,,,,,,,,,,
https://archiveofourown.org/works/16756219,,,,,,,,,,,,,,,,,
https://archiveofourown.org/works/26104966,,,,,,,,,,,,,,,,,
https://archiveofourown.org/works/12835122,,,,,,,,,,,,,,,,,
https://archiveofourown.org/works/12037722,,,,,,,,,,,,,,,,,
https://archiveofourown.org/works/15515916,,,,,,,,,,,,,,,,,
https://archiveofourown.org/works/7920865,,,,,,,,,,,,,,,,,
https://archiveofourown.org/works/13496310,,,,,,,,,,,,,,,,,
https://archiveofourown.org/works/12707751,,,,,,,,,,,,,,,,,
https://archiveofourown.org/works/16172792,,,,,,,,,,,,,,,,,
https://archiveofourown.org/works/19438084,,,,,,,,,,,,,,,,,
https://archiveofourown.org/works/17726642,,,,,,,,,,,,,,,,,
https://archiveofourown.org/works/16841062,,,,,,,,,,,,,,,,,
https://archiveofourown.org/works/16948056,,,,,,,,,,,,,,,,,
https://archiveofourown.org/works/10877004,,,,,,,,,,,,,,,,,
https://archiveofourown.org/works/10832184,,,,,,,,,,,,,,,,,
https://archiveofourown.org/works/16942101,,,,,,,,,,,,,,,,,
https://archiveofourown.org/works/28256460,,,,,,,,,,,,,,,,,
https://archiveofourown.org/works/9320858,,,,,,,,,,,,,,,,,
https://archiveofourown.org/works/18136208,,,,,,,,,,,,,,,,,
https://archiveofourown.org/works/12848496,,,,,,,,,,,,,,,,,
https://archiveofourown.org/works/10176533,,,,,,,,,,,,,,,,,
https://archiveofourown.org/works/6275587,,,,,,,,,,,,,,,,,
https://archiveofourown.org/works/16452881,,,,,,,,,,,,,,,,,
https://archiveofourown.org/works/16739953,,,,,,,,,,,,,,,,,
https://archiveofourown.org/works/14908212,,,,,,,,,,,,,,,,,
https://archiveofourown.org/works/15916974,,,,,,,,,,,,,,,,,
https://archiveofourown.org/works/6514657,,,,,,,,,,,,,,,,,
https://archiveofourown.org/works/13088922,,,,,,,,,,,,,,,,,
https://archiveofourown.org/works/10939092,,,,,,,,,,,,,,,,,
https://archiveofourown.org/works/16311476,,,,,,,,,,,,,,,,,
https://archiveofourown.org/works/16788838,,,,,,,,,,,,,,,,,
https://archiveofourown.org/works/12194604,,,,,,,,,,,,,,,,,
https://archiveofourown.org/works/9723104,,,,,,,,,,,,,,,,,
https://archiveofourown.org/works/6466249,,,,,,,,,,,,,,,,,
https://archiveofourown.org/works/6186031,,,,,,,,,,,,,,,,,
https://archiveofourown.org/works/8952322,,,,,,,,,,,,,,,,,
https://archiveofourown.org/works/19287367,,,,,,,,,,,,,,,,,
https://archiveofourown.org/works/16772998,,,,,,,,,,,,,,,,,
https://archiveofourown.org/works/12494512,,,,,,,,,,,,,,,,,
https://archiveofourown.org/works/14534379,,,,,,,,,,,,,,,,,
https://archiveofourown.org/works/9981434,,,,,,,,,,,,,,,,,
https://archiveofourown.org/works/7717387,,,,,,,,,,,,,,,,,
https://archiveofourown.org/works/18641755,,,,,,,,,,,,,,,,,
https://archiveofourown.org/works/9170443,,,,,,,,,,,,,,,,,
https://archiveofourown.org/works/18148367,,,,,,,,,,,,,,,,,
https://archiveofourown.org/works/9534941,,,,,,,,,,,,,,,,,
https://archiveofourown.org/works/16591991,,,,,,,,,,,,,,,,,
https://archiveofourown.org/works/10745361,,,,,,,,,,,,,,,,,
https://archiveofourown.org/works/10387395,,,,,,,,,,,,,,,,,
https://archiveofourown.org/works/19792735,,,,,,,,,,,,,,,,,
https://archiveofourown.org/works/11071089,,,,,,,,,,,,,,,,,
https://archiveofourown.org/works/16365377,,,,,,,,,,,,,,,,,
https://archiveofourown.org/works/15066134,,,,,,,,,,,,,,,,,
https://archiveofourown.org/works/6325114,,,,,,,,,,,,,,,,,
https://archiveofourown.org/works/10422054,,,,,,,,,,,,,,,,,
https://archiveofourown.org/works/9855626,,,,,,,,,,,,,,,,,
https://archiveofourown.org/works/16789732,,,,,,,,,,,,,,,,,
https://archiveofourown.org/works/8350417,,,,,,,,,,,,,,,,,
https://archiveofourown.org/works/10238318,,,,,,,,,,,,,,,,,
https://archiveofourown.org/works/19085962,,,,,,,,,,,,,,,,,
https://archiveofourown.org/works/11858970,,,,,,,,,,,,,,,,,
https://archiveofourown.org/works/14721500,,,,,,,,,,,,,,,,,
https://archiveofourown.org/works/17173112,,,,,,,,,,,,,,,,,
https://archiveofourown.org/works/7811404,,,,,,,,,,,,,,,,,
https://archiveofourown.org/works/7554874,,,,,,,,,,,,,,,,,
https://archiveofourown.org/works/11562033,,,,,,,,,,,,,,,,,
https://archiveofourown.org/works/21622849,,,,,,,,,,,,,,,,,
https://archiveofourown.org/works/19256476,,,,,,,,,,,,,,,,,
https://archiveofourown.org/works/30829622,,,,,,,,,,,,,,,,,
https://archiveofourown.org/works/19226110,,,,,,,,,,,,,,,,,
https://archiveofourown.org/works/7339843,,,,,,,,,,,,,,,,,
https://archiveofourown.org/works/9252167,,,,,,,,,,,,,,,,,
https://archiveofourown.org/works/15884589,,,,,,,,,,,,,,,,,
https://archiveofourown.org/works/10305182,,,,,,,,,,,,,,,,,
https://archiveofourown.org/works/21129683,,,,,,,,,,,,,,,,,
https://archiveofourown.org/works/14575716,,,,,,,,,,,,,,,,,
https://archiveofourown.org/works/7882969,,,,,,,,,,,,,,,,,
https://archiveofourown.org/works/11638083,,,,,,,,,,,,,,,,,
https://archiveofourown.org/works/12588980,,,,,,,,,,,,,,,,,
https://archiveofourown.org/works/10880403,,,,,,,,,,,,,,,,,
https://archiveofourown.org/works/11739765,,,,,,,,,,,,,,,,,
https://archiveofourown.org/works/22779841,,,,,,,,,,,,,,,,,
https://archiveofourown.org/works/5454728,,,,,,,,,,,,,,,,,
https://archiveofourown.org/works/13859712,,,,,,,,,,,,,,,,,
https://archiveofourown.org/works/5225471,,,,,,,,,,,,,,,,,
https://archiveofourown.org/works/15164768,,,,,,,,,,,,,,,,,
https://archiveofourown.org/works/6528892,,,,,,,,,,,,,,,,,
https://archiveofourown.org/works/10745547,,,,,,,,,,,,,,,,,
https://archiveofourown.org/works/8396341,,,,,,,,,,,,,,,,,
https://archiveofourown.org/works/21992896,,,,,,,,,,,,,,,,,
https://archiveofourown.org/works/7701709,,,,,,,,,,,,,,,,,
